 , Cook, pcook2i@linkedin.com, Male, , visa, , true, false,
 , Jenkins, ljenkins45@alexa.com, Male, , jcb, , false, true,
 , Gonzales, , Male, "data:image/png;base64, iVBORw0KGgoAAAANSUhEUgAAABAAAAAQCAYAAAAf8/9hAAAABGdBTUEAAK/INwWK6QAAABl0RVh0U29mdHdhcmUAQWRvYmUgSW1hZ2VSZWFkeXHJZTwAAALWSURBVDjLhVNrTJJRGLZB/a9ftbl5R8WgEpEPUFTy0jS85UKbpuElUykFE8mmLW+joZXTLOclUMwLSKKkpmnaD93M+tPqR6vWdP2wVdo0yTmePtwyLbWzvTvn3Tnv8z7Pc86xA2C3UwQM8BDQzw2yrf17OLF+et+Vv89sSYKG+S6bc4GJgL+RY8qqjnTmd7LTee0+33cFCLR1NHPzf+d+Bo6F3+X7JaMkVBddwVvhNbGs8Xl81Y4Agj5iwb+XsKxT1hOLvA42uDofcDU+KJ6QYWLWiEJ1MkTp3pe3BSB1Bvl1+0LQSSxE6ENgeNWMwTdtqH5WDsZNDyQPRKFrqh7Hqg7jqMoLzHI62bWXWCR1bmgndVoDdFx0vLiFsiEJikzxKDClQFBPgKHyhKRNjOBo2tsNBqTOVVIneA/YWoGOmD9tiIbueRWumc9CbohCUqsQCV0x6JxuQN1YNZilnuAnuBm3SOC2+UwSGhaIZhb0L2tR3J8ImT4SSZogiNsjcXe8HPIOMe6NVoBRTAddSVvyLHCTbvGAaGRZEjpjoR6RIrdLhMQWIeK0J3FnrBTS1hikNoWRACrQFTR4yF2t7rkuoOU4/zGQU+e9nGmQ4PaoAkn3g3GqJQLq/kJkaSMhaQxDa2U4HokPYVhIxWAIZW4ohFLokuF4dQOAV8Ou9FYzcN2sQFyzCOo+JbI0IqQ0hEJbEY4ZOYEVcxWsrwex3CHDdDZj7fFxqnTLNbIqj4y75Dui6WktrhtzcJ4EKnuYi96YA/hBFqNGBCj2AxVO+HwjEEPBlPf/vH9mEX2cqaTjkiYTcm02mHn0ddrWmR5sHt9KDmJESLVu+4m85DSNu9R5zfWCE0id6D6x7+dSUypAFlkK7PCVjI+ZFJA+zNnt9htt4XzOYVJ2xh5TaW5rnxROmFfuxbu0PXgioq6RZl75L4AtHBLsVy+K7S1kxw822uQ8ayu27f0CZyF3rEtmMUcAAAAASUVORK5CYII=", jcb, , true,
 , Morales, , Male, "data:image/png;base64, iVBORw0KGgoAAAANSUhEUgAAABAAAAAQCAYAAAAf8/9hAAAABGdBTUEAAK/INwWK6QAAABl0RVh0U29mdHdhcmUAQWRvYmUgSW1hZ2VSZWFkeXHJZTwAAAILSURBVDjLpZPNS5VBFIefmXduKVcrKKKSFBdJVJSCSfQPSC1tIxIEUQR9Qa6UQHQTuAiCFhbtWtSmoAKJJMpAqSBJ2gh9UaYXw4jU9N73zsdpMVfDIBDugWHODDMP/H7nHCUilBOaMqNsgOFe0380BLABnAUXwBbB+XjngaJACgaAXR3//A2rlw/gfcytL+UOXtwtAQAWchAC4ksPnEO8A+sQZ+PZWsQ5cJbM1t2Ql2WAgAg0d6My1cj4DcR79IFT4PL4x5fQR66hMhW45/3It7dgbQngXNQmATIbkFd9qEM9KJ8S3gyAD+iW82AXsQ8vkOxvx30dWwForI2AIKANVNVBcMjcFPpwF7rpJOHDE9SWBsyxW4TJ1xCiRFLBkC9EfSGgALXvBPJxEKpq8Pc70K1X0XvamOxpIfd5lsWZHCZrqG34TX0qGFIXaSFAsISx6+iDncj7QZK22+AtkzfPMZdW0thxkfX1e8m/G2Ji5CmmUERJ/w6h8TjCr+i6c4iNTouN7r98MEzz6T4qPw3D9Ahs3MQPU8fE0CiGvIC1KF+BWi6h97H2Es0tzheo2FYPRzv/dmDvdopBSoBnd1Y6Cy9QXL1njGJpfJDso7Ok+RmWgIX5BJNo1FqmcaS9pndddfbyzs3OGD3Fwqzjy/fE24L0qLWO82h7bdfiz9yZxKs6n8i0wEDrkLvyB9KrOCqdUGipAAAAAElFTkSuQmCC", mastercard, , true,
 , Berry, gberrylx@sourceforge.net, Male, , jcb, , false, true,
 , Ellis, bellis8q@ovh.net, Male, , jcb, , false, false,
 , Castillo, , Female, "data:image/png;base64, iVBORw0KGgoAAAANSUhEUgAAABAAAAAQCAYAAAAf8/9hAAAABGdBTUEAAK/INwWK6QAAABl0RVh0U29mdHdhcmUAQWRvYmUgSW1hZ2VSZWFkeXHJZTwAAAH9SURBVDjLlZNBaxNREMcTtTkonvwAHkQP4kHBj2LBngPiqRUPgpdiDYKlLYVKBRUU2psXQwNBCrVtaowbEjasocuGDRt2l112fUs2pFLroT8Pb22MNdAe5vDezP83M2/mpYDUkalxBjV6gG6B5i0P+UbY8IXmXaJpW8Q90M2fqM7M6QCquIAWvMX3Ie6BZvapuhMnB0AKJbrNbusXURdCAYqpsunfOAkgDZyjs3+RmjOD68gqbBvK1ms2vPOjAWpwhbo/zTdPYdf5jmbtIXrQjaUZFpT1A7b0CT546eOAuvMJz4E4hv4e9PpSGMUQdUFEYDug6pA3pijo18k3rw4AmhkQ92Sw1YFaTfYvEnEoIAglpNGAYl2jUFUGgM3GZ/JrUCqB0QLXk7AwgiAR+wF4vvSZbXi3ygCwYY5Tb8jSo64M6MYS4IfgBeAmYtuVlSy9/AuwLjLsKAdslaBchlYr6V0kWX1wEnHHAcuGuSWGx1isrlOucDT/UMj+PR+cJGvHlm/UtuD5wj+A9941KgoUP0KlIkUiktn/iNsdaLWhqcPj+R/DgBX3DCuNOxQKYBhSHAgJMkz4osDs4iG5WcjmYu7mrOOr/MpIM1+/xdzaNm9WD3mxDNNP4OGjfe5PfeXeZI7s5E3Gn46RXRj7/1+QK30WyPBs8XJyHvmZfgPxTEl50XYktwAAAABJRU5ErkJggg==", jcb, , false,
 , Henderson, , Male, "data:image/png;base64, iVBORw0KGgoAAAANSUhEUgAAABAAAAAQCAYAAAAf8/9hAAAABGdBTUEAAK/INwWK6QAAABl0RVh0U29mdHdhcmUAQWRvYmUgSW1hZ2VSZWFkeXHJZTwAAAHOSURBVDjLpZOxa1RBEIe/d/e8FKeFEA2IGBWCICZYBSESBCFglUDSCJZaRBBbK1HQ0s4/QQlCgoKdoBA9sVBshCBETCNRiUUg5PDt7MxY7HuXdxgEycKwyzJ88/vN7Gbuzl5WDvDozeZtd66p21EzQw2iGaqGmhPVaqFodNTs/f0rI+M5gLnfmB0/MPg/le88+TLWU6BmgwDtpevgDhrBFETSORQgAQoBEbZvvUJEB2qAqg8ORw6BxRQeS0gBUkAMsPIdAIm60wNVKwEZrG+AW1JilpRotQNDQwCEOiCWgIXhe1w+f/if3hffrXMhxH4Fooa5kzdT0rNPi3TWlrl6bp7PP1d4ufqCiyNTzIzOUYiz1RWCJECjsuBA3swAmBmdoxu6APza3uDB9EM6a8sAFFEJYsRoOwBRww3yxt+Su6FLq9nqAQuxst11QDTcnX2lhc7XVO3jtw8cOzjMzafzTJ26RJUL0B7Ia020dNlsJAsTJyaZODlZziVj+swsWZb1AarJJUCMeCnn8esfaWruiIKoEtQIkry3mlUx+qfg7owd389prd6+9/7CbsvMrfaQ/O3dhdWzQa0tUZGoaDREjahxV8Dm1u/nANlev/MfAjw0JrMu09AAAAAASUVORK5CYII=", visa, , true,
 , Ruiz, , Male, , china-unionpay, , true,
 , Harper, charperdo@ucla.edu, Female, , americanexpress, , true, false,
 ,
